{
  "timestamp": "2025-05-27T16:48:27.105164",
  "device": "cuda",
  "delays": [
    10,
    20,
    30,
    40,
    50,
    60,
    75,
    100,
    125,
    150,
    175,
    200,
    250,
    300,
    400
  ],
  "accuracy_results": {
    "delays": [
      10,
      20,
      30,
      40,
      50,
      60,
      75,
      100,
      125,
      150,
      175,
      200,
      250,
      300,
      400
    ],
    "vanilla_small": [
      57.238350486111486,
      56.01823924189375,
      53.09287811315595,
      52.52027198478678,
      52.744516458086835,
      51.942542072573964,
      52.08561378039411,
      49.85178976833029,
      50.36104825684332,
      49.93546176126396,
      50.51300571738135,
      50.473422744680356,
      49.4074488789322,
      50.62111374001084,
      50.24523510639983
    ],
    "vanilla_medium": [
      59.77202092391201,
      58.68494699906015,
      57.49613894048866,
      56.0541751722732,
      54.87443457939884,
      53.47186522538825,
      54.23243327606633,
      52.38225511411982,
      51.79204767199267,
      51.1258534337445,
      50.718304379288256,
      49.531017128091584,
      50.194227992411506,
      50.192346196120845,
      49.728274141615586
    ],
    "vanilla_large": [
      58.470201933369026,
      57.2785911216272,
      56.12989048487265,
      55.472003748665635,
      53.679528120333806,
      54.78387927781849,
      52.24427967609249,
      51.24903659079483,
      50.8957339546754,
      50.22510107332518,
      50.91842787953203,
      51.60111241469444,
      51.00512744092949,
      49.84651900072396,
      49.721643909173146
    ],
    "vanilla_small_std": [
      0.9501932311476726,
      1.1016784092150256,
      1.234090880647424,
      0.8733189124953075,
      1.4138793240907155,
      0.8048236743150882,
      1.5570745612382348,
      1.3094479342407548,
      1.0962418644512357,
      1.4384710069022622,
      0.9451032255919496,
      1.058777634632942,
      1.0921170155663227,
      1.0806631172355756,
      2.2923891996412515
    ],
    "vanilla_medium_std": [
      1.4072312678921426,
      1.2122315173468559,
      0.8581522517893364,
      0.8685312008269878,
      0.9708966142580958,
      0.6683102484980333,
      1.0437696092877435,
      2.0957964039785932,
      1.1872224607694997,
      1.5996022679045732,
      1.6907878569405355,
      1.1263143553016532,
      1.5437899830569357,
      1.410058818011585,
      1.3520790054349132
    ],
    "vanilla_large_std": [
      0.5793668083078444,
      1.619493817216267,
      1.3854351386666337,
      1.3686722940210037,
      0.7892960855130007,
      1.6093379636851604,
      1.0257147018698676,
      1.2441428831765424,
      1.0649456004526168,
      0.9134831044000483,
      1.3518303947317032,
      2.3756355459117753,
      0.7510048300896544,
      0.7897670740169643,
      2.3197169796420627
    ],
    "dh_learnable_small": [
      82.76263441501075,
      81.14306993624724,
      78.1485151679582,
      76.4390862858603,
      75.43242595591585,
      74.10731635341213,
      71.87530363608076,
      65.21725968592253,
      64.53352871504536,
      62.974430091007115,
      60.77183022741402,
      60.85434118992397,
      55.68201442923513,
      54.69479973379432,
      53.41016117370394
    ],
    "dh_learnable_medium": [
      92.77911721526888,
      91.29184662111695,
      90.64460915957909,
      87.1362405657367,
      85.52618633890418,
      84.33084507117316,
      80.66014826347707,
      76.57151292783051,
      73.43099023637693,
      69.47880009760539,
      69.9912752194746,
      65.64746809133263,
      64.41030635500702,
      59.6209225693792,
      58.63314042409568
    ],
    "dh_learnable_large": [
      88.67328861998736,
      83.36962372499025,
      85.23018938762101,
      82.67158120652888,
      80.44602446572398,
      77.36543049307934,
      76.39341744987487,
      72.78156155419406,
      71.05664941333744,
      69.97596409997593,
      65.3243849453528,
      62.531720403827,
      59.25592771585404,
      56.00019364389632,
      53.59637621356278
    ],
    "dh_learnable_small_std": [
      2.0385887088090042,
      2.596566847129393,
      2.6212440056516493,
      1.9293558255661347,
      2.220637714862286,
      3.531349604670258,
      1.8717531394098885,
      2.833156357376661,
      2.76375203162288,
      2.8389252522202315,
      0.9706974887839074,
      2.9426421260978404,
      2.2239121853008372,
      1.3608786419326013,
      1.4471742065022397
    ],
    "dh_learnable_medium_std": [
      1.5539958795760664,
      1.6095873215771228,
      1.3111016098129467,
      0.8767418400639851,
      2.7925849602914923,
      2.0724621362206794,
      1.6442950761024813,
      1.0471432113518306,
      1.0783524729619396,
      1.6451871180694244,
      1.5081641792711207,
      1.2343600745474264,
      1.3351238016479163,
      0.920164755969125,
      1.8497035201600758
    ],
    "dh_learnable_large_std": [
      2.8005140792805245,
      1.4695302411198248,
      2.0591313639098177,
      3.001593475391139,
      2.8539115140688973,
      1.484469601959797,
      1.5110810838576418,
      2.702979472573404,
      2.0728621175418134,
      2.0540896267272517,
      3.053274838929059,
      3.1779506629842884,
      2.969543775961406,
      2.2908723448876334,
      1.7378506006794354
    ]
  },
  "figure_path": "figure3_final.html",
  "framework": "SpikingJelly + Plotly",
  "config_used": {
    "model_type": "recurrent",
    "num_branches": 4,
    "v_threshold": 1.0,
    "tau_m_init": [
      0.0,
      4.0
    ],
    "tau_n_init": [
      2.0,
      6.0
    ],
    "tau_initializer": "uniform",
    "reset_mode": "soft",
    "bias": true,
    "step_mode": "s",
    "dt": 1.0,
    "sparsity": 0.25,
    "mask_share": 1,
    "test_sparsity": false,
    "learning_rate": 0.01,
    "tau_learning_rate_factor": 2.0,
    "batch_size": 500,
    "num_epochs": 100,
    "weight_decay": 0.0,
    "seed": 0,
    "tau_init_mode": "Large",
    "tau_init_ranges": {
      "Small": [
        -4.0,
        0.0
      ],
      "Medium": [
        0.0,
        4.0
      ],
      "Large": [
        2.0,
        6.0
      ]
    },
    "scheduler_type": "StepLR",
    "scheduler_step_size": 50,
    "scheduler_gamma": 0.1,
    "loss_function": "CrossEntropy",
    "device": "cuda",
    "input_dim": 20,
    "output_dim": 2,
    "seq_length": 150,
    "delay_range": [
      10,
      50
    ],
    "input_duration": 5,
    "num_train_samples": 8000,
    "num_test_samples": 2000,
    "hidden_dims": [
      16
    ],
    "task_name": "DelayedXOR"
  },
  "reproduction_mode": "demo"
}