{
  "1-Branch": {
    "num_branches": 1,
    "mean": 59.147592592592595,
    "std": 1.5052747297049904,
    "trials": [
      60.33888888888889,
      57.02407407407407,
      60.07981481481481
    ]
  },
  "2-Branch": {
    "num_branches": 2,
    "mean": 97.30530864197532,
    "std": 0.25484569209514873,
    "trials": [
      97.59722222222223,
      96.9762962962963,
      97.3424074074074
    ]
  },
  "4-Branch": {
    "num_branches": 4,
    "mean": 96.50635802469135,
    "std": 0.35408664337074774,
    "trials": [
      96.22907407407408,
      97.00611111111111,
      96.2838888888889
    ]
  },
  "8-Branch": {
    "num_branches": 8,
    "mean": 95.05067901234567,
    "std": 0.8836750682668812,
    "trials": [
      95.8711111111111,
      93.82407407407408,
      95.45685185185185
    ]
  }
}